restaurant_id,restaurant_name,city,cuisine,rating,average_cost_for_two
273,Spice Garden,Mumbai,North Indian,3.8,600
780,Dragon Wok,Mumbai,Chinese,4.1,750
310,Annapurna,Chennai,South Indian,4.3,450
680,Punjabi Dhaba,Delhi,North Indian,3.9,700
594,Coastal Spice,Mumbai,Seafood,4.2,900
750,Hyderabadi Biryani,Delhi,Mughlai,4.0,800
944,Urban Tadka,Mumbai,North Indian,3.6,650
919,Green Leaf,Bangalore,South Indian,4.5,500
956,Royal Spice,Hyderabad,Mughlai,4.1,850
567,Masala Junction,Bangalore,Multi-Cuisine,3.7,700
