{
  "$schema": "http://json-schema.org/draft-07/schema#",
  "title": "ZomatoRestaurantSchema",
  "type": "object",
  "required": [
    "restaurant_id",
    "restaurant_name",
    "city",
    "cuisine",
    "rating",
    "average_cost_for_two"
  ],
  "properties": {
    "restaurant_id": {
      "type": "integer",
      "minimum": 1
    },
    "restaurant_name": {
      "type": "string",
      "minLength": 1
    },
    "city": {
      "type": "string",
      "minLength": 1
    },
    "cuisine": {
      "type": "string",
      "minLength": 1
    },
    "rating": {
      "type": "number",
      "minimum": 0,
      "maximum": 5
    },
    "average_cost_for_two": {
      "type": "number",
      "minimum": 0
    }
  },
  "additionalProperties": true
}
