{
  "$schema" :"https://json-schema.org/draft-07/schema",
  "title" :"ZomatoOrdersSchema",
  "type": "object",
  "required": [
    "order_id",
    "restaurant_id",
    "city",
    "order_value",
    "rating",
    "order_time"
  ],
  "properties": {
    "order_id" : {
      "type": "string",
      "minLength": 10
    },
    "restaurant_id": {
      "type": "integer",
      "minimum": 1
    },
    "city": {
      "type": "string",
      "minLength": 1
    },
    "order_value":{
      "type": "number",
      "minimum": 0
    },
    "rating": {
      "type": "number",
      "minimum": 0,
      "maximum": 5
    },
    "order_time": {
      "type": "string",
      "format": "date-time"
    }
  },
  "additionalItems": false
}